UID,NETID,ORCID,FullName,FirstName,LastName,MidName,Email,Phone,Fax,Title
2dec06e9,Sadav,,"Sadav, Manjit S.",Manjit,Sadav,S,Sadav@tamu.edu,,,Professor
c81ef444,mindyGergman,,"Gergman, Mindy E.",Mindy,Gergman,E,mindyGergman@tamu.edu,,,Associate Professor
5c2cef0e,t_Vay,,"Vay, Matilda W.",Matilda,Vay,W,t_Vay@tamu.edu,,,Lecturer
b6f25071,sBach,,"Bach, Susan A.",Susan,Bach,A,sBach@tamu.edu,,,Clinical Associate Professor
613870d1,kRoberts,,"Roberts, Kathryn J.",Kathryn,Roberts,J,kRoberts@tamu.edu,,,Assistant Professor
980e771d,jasenMaldonado,,"Maldonado, Jasen J.",Jasen,Maldonado,J,jasenMaldonado@tamu.edu,,,Assistant Professor
ea52a51f,Sahrana20,,"Sahrana, Krishan C.",Krishan,Sahrana,C,Sahrana20@tamu.edu,,,Visiting Associate Professor
0bcb050f,g-Gurry,,"Gurry, Guy L.",Guy,Gurry,L,g-Gurry@tamu.edu,,,Professor
3c8aa927,mohamed-t-Rahman,,"Rahman, Mohamed T.",Mohamed,Rahman,T,mohamed-t-Rahman@tamu.edu,,,Clinical Assistant Professor
e4fec57c,rDahl,,"Dahl, Ronald A.",Ronald,Dahl,A,rDahl@tamu.edu,,,Professor
f9f641f8,yeran.Sulik,,"Sulik, Yeran M.",Yeran,Sulik,M,yeran.Sulik@tamu.edu,,,Lecturer
de1f2aed,trobert,,"Roberts, Tatyana",Tatyana,Roberts,,trobert@tamu.edu,,,Clinical Associate Professor
6edf97c6,jmWarren,,"Warren, Jonathan",Jonathan,Warren,,jmWarren@tamu.edu,,,Professor
d6f8c320,mJackson,,"Jackson, Michael A.",Michael,Jackson,A,mJackson@tamu.edu,,,Lecturer
c7f9a04d,apederss,,"Pederssen, Adam P.",Adam,Pederssen,P,apederss@tamu.edu,,,Clinical Assistant Professor
0a2d481f,hagenwong,,"wong, Hwagyun",Hwagyun,wong,,hagenwong@tamu.edu,,,Assistant Professor
fed03dd1,johannaha,,"Hahn, Johanna E.",Johanna,Hahn,E,johannaha@tamu.edu,,,Instructional Assistant Professor
d2caf464,j-Preston,,"Preston, John W.",John,Preston,W,j-Preston@tamu.edu,,,Professor
786fc0f3,carmenj,,"Juarez, Carmen L.",Carmen,Juarez,L,carmenj@tamu.edu,,,Assistant Professor
9ed54600,m-Posnik,,"Posnik, Michael P.",Michael,Posnik,P,m-Posnik@tamu.edu,,,Professor
5e728236,gupta,,"Gupta, Akhil",Akhil,Gupta,,gupta@tamu.edu,,,Professor
f53479a0,llMonroe,,"Monroe, Lori L.",Lori,Monroe,L,llMonroe@tamu.edu,,,Associate Professor
6df86023,tanya.Pane,,"Pane, Tanya",Tanya,Pane,,tanya.Pane@tamu.edu,,,Lecturer
9c75f491,p-Strauss,,"Strauss, Peter F.",Peter,Strauss,F,p-Strauss@tamu.edu,,,Professor
7f4e9eb4,bobStagner,,"Stagner, Robert O.",Robert,Stagner,O,bobStagner@tamu.edu,,,Professor
ec810b24,lijenWuo,,"Wuo, Li-Jen",Li-Jen,Wuo,,lijenWuo@tamu.edu,,,Associate Professor
b2c12cd3,shaganBirkke,,"Birkke, Shanna H.",Shanna,Birkke,H,shaganBirkke@tamu.edu,,,Associate Professor
bd6831b8,yTimoshenko,,"Timoshenko, Yaroslav",Yaroslav,Timoshenko,,yTimoshenko@tamu.edu,,,Associate Professor
e3bd8752,Wang,,"Wang, Lei",Lei,Wang,,Wang@tamu.edu,,,Assistant Professor
4ff5edcb,jwoodey,,"Woodey, Joanna R.",Joanna,Woodey,R,jwoodey@tamu.edu,,,Senior Lecturer
8bf8898a,robin-m-Reiner,,"Reiner, Robin M.",Robin,Reiner,M,robin-m-Reiner@tamu.edu,,,Associate Professor
ce238e6e,Muchkin,,"Muchkin, Robert S.",Robert,Muchkin,S,Muchkin@tamu.edu,,,Instructional Assistant Professor
4.33E+12,r-Wurst,,"Wurst, Ralph A.",Ralph,Wurst,A,r-Wurst@tamu.edu,,,Professor
f2751f8b,nessoli,,"Nesson, Liesl S.",Liesl,Nesson,S,nessoli@tamu.edu,,,Senior Lecturer
40f09614,m-Burbanks,,"Burbanks, Micky D.",Micky,Burbanks,D,m-Burbanks@tamu.edu,,,Professor
8da37bea,aYuang,,"Yuang, Anxiao",Anxiao,Yuang,,aYuang@tamu.edu,,,Associate Professor
262ead89,joseph.Ditross,,"Ditross, Joseph J.",Joseph,Ditross,J,Ditross@tamu.edu,,,Professor
543231b1,andreas-Necker,,"Necker, Andreas",Andreas,Necker,,andreas-Necker@tamu.edu,,,Professor
bf813378,jamesdAbbott,,"Abbott, James D.",James,Abbott,D,jamesdAbbott@tamu.edu,,,Assistant Professor
84ce7aef,cGarsson,,"Garsson, Charles W.",Charles,Garsson,W,cGarsson@tamu.edu,,,Professor
42be1339,zmc,,"Zetinos, Zenon",Zenon,Zetinos,,zetinos@tamu.edu,,,Assistant Professor
ca61ede1,tjBrandon,,"Brandon, Timothy J.",Timothy,Brandon,J,tjBrandon@tamu.edu,,,Associate Professor
e7ee497b,belindaBraggs,,"Braggs, Belinda L.",Belinda,Braggs,L,belindaBraggs@tamu.edu,,,Lecturer
7f8372f3,Groass,,"Groass, Harold P.",Harold,Groass,P,Groass@tamu.edu,,,Professor
8.57E+08,gwMonroe,,"Monroe, Georgianne W.",Georgianne,Monroe,W,gwMonroe@tamu.edu,,,Associate Professor
c0f341af,rChaparo,,"Chaparo, Robert M.",Robert,Chaparo,M,rChaparo@tamu.edu,,,Professor
fd023ba6,Coghi,,"Coghi, Behbood B.",Behbood,Coghi,B,Coghi@tamu.edu,,,Professor
7a7aa175,kmMonroe,,"Monroe, Kevin M.",Kevin,Monroe,M,kmMonroe@tamu.edu,,,Executive Professor
97af54fb,dha,,"Hauer, Dustin T.",Dustin,Hauer,T,dha@tamu.edu,,,Lecturer
8422a439,jeTado,,"Tado, John E.",John,Tado,E,jeTado@tamu.edu,,,Associate Professor
883c4cb7,Rammstein,,"Rammstein, Heather L.",Heather,Rammstein,L,Rammstein@tamu.edu,,,Senior Lecturer
430cacbc,august,,"Bloomberg, Wanda",Wanda,Bloomberg,,august@tamu.edu,,,Adjunct Assistant Professor
b20fdbd9,s-Sane,,"Sane, Stephen H.",Stephen,Sane,H,s-Sane@tamu.edu,,,Distinguished Professor
c500baf1,blazenburn,,"Grass, Kati P.",Kati,Grass,P,,,,Veterinary Resident Instructor
9c4dca0b,aCarpou,,"Carpou, Andreas A.",Andreas,Carpou,A,aCarpou@tamu.edu,,,Professor and Head
9a25a80b,Ryak,,"Ryak, Larry W.",Larry,Ryak,W,Ryak@tamu.edu,,,Associate Professor
1921874d,Hanisg,,"Hani, Salem G.",Salem,Hani,G,Hanisg@tamu.edu,,,Associate Professor
274f2d27,kHartfield,,"Hartfield, Lloyd K.",Lloyd,Hartfield,K,kHartfield@tamu.edu,,,Lecturer
cc1476d6,d-Bilbaos,,"Bilbaos, David L.",David,Bilbaos,L,d-Bilbaos@tamu.edu,,,Professor
d138d94a,Horty,,"Horty, Robert L.",Robert,Horty,L,Horty@tamu.edu,,,Associate Professor
b9098a8e,s.Losh,,"Losh, Stephen B.",Stephen,Losh,B,s.Losh@tamu.edu,,,Assistant Professor
a90924e6,pyang,,"Pyang, Ping",Ping,Pyang,,pyang@tamu.edu,,,Professor
6ebab0fa,bill-Samac,,"Samac, Bill",Bill,Samac,,bill-Samac@tamu.edu,,,Professor
f17715d0,al-Gowan,,"Gowan, Annie L.",Annie,Gowan,L,al-Gowan@tamu.edu,,,Associate Professor
90e6f6c0,wHarter,,"Harter, Weston W.",Weston,Harter,W,wHarter@tamu.edu,,,Associate Professor
054759c0,rebeccaMcGill,,"McGill, Rebecca E.",Rebecca,McGill,E,rebeccaMcGill@tamu.edu,,,Assistant Professor
18fdb6b4,psLowess,,"Lowess, Patricia S.",Patricia,Lowess,S,psLowess@tamu.edu,,,Clinical Professor
38160486,wjKinley,,"Kinley, William J.",William,Kinley,J,wjKinley@tamu.edu,,,Senior Lecturer
9d92ca8b,serry,,"Serry, Amie L.",Amie,Serry,L,serry@tamu.edu,,,Assistant Lecturer
1aedaf52,bWinston,,"Winston, S B.",S,Winston,B,bWinston@tamu.edu,,,Professor
26f30b82,saskias,,"Szewski, Saskia",Saskia,Szewski,,saskias@tamu.edu,,,Associate Professor
96285042,Szewski,,"Szewski, Thomas D.",Thomas,Szewski,D,Szewski@tamu.edu,,,Associate Professor
24e3e4e2,woodly,,"Woodly, Billy D.",Billy,Woodly,D,woodly@tamu.edu,,,Professor
3469d15f,kPyndap,,"Pyndap, Kathrin A.",Kathrin,Pyndap,A,kPyndap@tamu.edu,,,Assistant Professor
d40b0c98,lMartin,,"Martin, Lanny R.",Lanny,Martin,R,lMartin@tamu.edu,,,Senior Lecturer
48d141da,g-Pappadopulos,,"Pappadopulos, Gregory F.",Gregory,Pappadopulos,F,g-Pappadopulos@tamu.edu,,,Professor
5677ce1c,Mepal,,"Mepal, Bimal P.",Bimal,Mepal,P,Mepal@tamu.edu,,,Assistant Professor
d522fec6,sAtckins,,"Atckins, Stephen R.",Stephen,Atckins,R,sAtckins@tamu.edu,,,Professor and Associate Dean
9ed36091,cNissen,,"Nissen, Colleen V.",Colleen,Nissen,V,cNissen@tamu.edu,,,Veterinary Intern Instructor
38f0640f,brianBriggs,,"Briggs, Brian C.",Brian,Briggs,C,brianBriggs@tamu.edu,,,Visiting Lecturer
0c7c03e3,gRetner,,"Retner, Gary L.",Gary,Retner,L,,,,Lecturer
bca92840,kyer,,"Kyer, Ellisa L.",Ellisa,Kyer,L,kyer@tamu.edu,,,Associate Professor
11e9b5be,jeffrey-m-b-Musner,,"Musner, Jeffrey M.",Jeffrey,Musner,M,jeffrey-m-b-Musner@tamu.edu,,,Clinical Associate Professor
194fc3c7,Pakostina,,"Pakostina, Natalia V.",Natalia,Pakostina,V,Pakostina@tamu.edu,,,Lecturer
8775e8bc,brunoh,,"Brunoh, Linda L.",Linda,Brunoh,L,brunoh@tamu.edu,,,Lecturer
ca139916,r-Tenrieth,,"Tenrieth, Robin L.",Robin,Tenrieth,L,r-Tenrieth@tamu.edu,,,Professor and Interim Head
54317d5b,garyBrison,,"Brison, Gary T.",Gary,Brison,T,garyBrison@tamu.edu,,,Associate Professor
ea775348,landy,,"Landy, Ryland F.",Ryland,Landy,F,landy@tamu.edu,,,Professor
b888266f,r-McGregor,0000-0002-5934-8808,"McGregor, Robert B.",Robert,McGregor,B,r-McGregor@tamu.edu,,,Associate Professor
dd8077e2,r-Booner,,"Booner, Robert E.",Robert,Booner,E,r-Booner@tamu.edu,,,Professor
f1c6fff3,gGartner,,"Gartner, Gerard T.",Gerard,Gartner,T,gGartner@tamu.edu,,,Professor
4663e6b4,le.Wu,,"Wu, Le",Le,Wu,,le.Wu@tamu.edu,,,Assistant Professor
a96b562e,tony-Bourgess,,"Bourgess, Anthony",Anthony,Bourgess,,tony-Bourgess@tamu.edu,,,Associate Professor
fda04cc0,aYehon,,"Yehon, Alvin T.",Alvin,Yehon,T,aYehon@tamu.edu,,,Associate Professor
bf942ec6,kevinKrisci,,"Krisci, Kevin L.",Kevin,Krisci,L,kevinKrisci@tamu.edu,,,Lecturer
fee0dccb,vuzella,,"Vuzella, Nancy B.",Nancy,Vuzella,B,vuzella@tamu.edu,,,Associate Professor
6340ff0a,herthy,,"Herthy, Bharathi S.",Bharathi,Herthy,S,herthy@tamu.edu,,,Lecturer
5cebea29,a-Thomsson,,"Thomsson, Alston V.",Alston,Thomsson,V,a-Thomsson@tamu.edu,,,Associate Professor
332dadae,rSmiths,,"Smiths, Randolph H.",Randolph,Smiths,H,rSmiths@tamu.edu,,,Clinical Professor
6dd3957c,jm-Micholssen,,"Micholssen, John M.",John,Micholssen,M,jm-Micholssen@tamu.edu,,,Associate Professor
e6ff3828,a-Poznan,,"Poznan, Anthony N.",Anthony,Poznan,N,a-Poznan@tamu.edu,,,Associate Professor
939f7165,julioBertol,,"Bertol, Julio S.",Julio,Bertol,S,julioBertol@tamu.edu,,,Associate Professor
4326eaa3,lShmidth,,"Shmidth, Loren C.",Loren,Shmidth,C,lShmidth@tamu.edu,,,Professor
1333856,jDexter,,"Dexter, Jerry D.",Jerry,Dexter,D,jDexter@tamu.edu,,,Executive Professor